{
  "agent_0": {
    "rewards": [
      -414.5398254394531, -311.9398193359375, -358.6299133300781,
      -329.7899475097656, -278.84991455078125, -235.7199249267578,
      -222.74996948242188, -273.23992919921875, -236.93994140625,
      -213.34996032714844, -167.4999542236328, -129.11996459960938,
      -67.15998077392578, -112.90998077392578, -119.42998504638672,
      -96.79998016357422, -96.79998016357422, -96.79998016357422,
      -54.1199951171875, -89.29998016357422, -96.79998016357422,
      -207.2799530029297, -175.3299560546875, -170.44993591308594,
      -104.29998779296875, -74.43999481201172, -118.51998901367188, -120.0,
      -76.27997589111328, -96.79998016357422, -84.63998413085938,
      -96.79998016357422, -96.79998016357422, -96.79998016357422,
      -54.1199951171875, -96.79998016357422, -80.54997253417969,
      -85.29998779296875, -96.79998016357422, -80.54997253417969,
      -96.79998016357422, -127.28995513916016, -79.71996307373047,
      -88.68999481201172, -93.6099853515625, -96.79998016357422,
      -96.79998016357422, -96.79998016357422, -96.79998016357422,
      -96.79998016357422, -96.79998016357422, -80.54997253417969,
      -252.2599334716797, -330.8399658203125, -357.07989501953125,
      -254.32997131347656, -271.8100280761719, -272.099853515625,
      -203.37991333007812, -218.4799346923828, -295.00994873046875,
      -107.56998443603516, -270.3199768066406, -99.99999237060547,
      -74.25999450683594, -119.42998504638672, -96.79998016357422,
      -85.29998779296875, -96.79998016357422, -80.54997253417969,
      -96.79998016357422, -96.79998016357422, -54.1199951171875,
      -197.38995361328125, -345.4797668457031, -319.760009765625,
      -206.33987426757812, -193.9699249267578, -98.8499984741211,
      -85.29998779296875, -72.05998992919922, -119.42998504638672,
      -119.42998504638672
    ],
    "mean_reward": -175.8009475708008,
    "total_steps": 298800
  },
  "agent_1": {
    "rewards": [
      -152.56997680664062, -88.7099838256836, -118.42998504638672,
      -93.7300033569336, -108.39998626708984, -133.44000244140625,
      -103.02999114990234, -72.49000549316406, -84.11997985839844,
      -58.90999984741211, -83.35999298095703, -44.849998474121094,
      -47.100006103515625, -53.340003967285156, -21.990007400512695,
      -38.380008697509766, -61.5999870300293, -32.650001525878906,
      -43.019996643066406, -33.37000274658203, -42.29000473022461,
      -52.360008239746094, -47.15000534057617, -35.340003967285156,
      -54.790000915527344, -32.74000930786133, -33.63999938964844,
      -20.690004348754883, -26.33000373840332, -77.15999603271484,
      -70.65998840332031, -103.40998840332031, -47.71001052856445,
      -55.66999816894531, -33.52000427246094, -45.589996337890625,
      -59.45999526977539, -55.35000228881836, -36.3900032043457,
      -31.610008239746094, -24.070003509521484, -55.1199951171875,
      -26.81000518798828, -39.20001220703125, -46.540000915527344,
      -49.160003662109375, -25.120004653930664, -69.68998718261719,
      -92.28999328613281, -59.04999542236328, -52.3900032043457,
      -56.72000503540039, -18.82000160217285, -38.53000259399414,
      -32.77000427246094, -33.780006408691406, -29.890005111694336,
      -41.61000061035156, -87.31999206542969, -25.29000473022461,
      -60.60999298095703, -43.630001068115234, -29.910001754760742,
      -19.62000274658203, -29.130008697509766, -20.64000129699707,
      -28.08000373840332, -47.29999923706055, -80.08998107910156,
      -31.740007400512695, -47.139991760253906, -33.110008239746094,
      -26.370004653930664, -30.760009765625, -14.75, -24.73000144958496,
      -31.030010223388672, -32.48000717163086, -56.70000076293945,
      -48.98999786376953, -40.02001190185547, -60.84999465942383,
      -50.05000305175781
    ],
    "mean_reward": -39.03600368499756,
    "total_steps": 298800
  },
  "agent_2": {
    "rewards": [
      -7.730000019073486, -12.079999923706055, -0.5, -8.180000305175781, -0.5,
      -7.279999732971191, -8.420000076293945, -4.159999847412109,
      -3.0799999237060547, -3.9499998092651367, -1.5299999713897705,
      -11.460000038146973, -2.059999942779541, -8.970001220703125,
      -8.699999809265137, -5.269999980926514, -4.859999656677246,
      -2.119999885559082, -3.5999999046325684, -9.470000267028809,
      -7.920000076293945, -6.989999771118164, -9.690000534057617,
      -15.979999542236328, -0.5, -2.5999999046325684, -2.559999942779541, -0.5,
      -10.780000686645508, -6.5, -6.919999599456787, -9.05000114440918,
      -1.0099999904632568, -11.09000015258789, -6.049999713897705,
      -3.1499998569488525, -3.7099997997283936, -2.059999942779541,
      -2.049999952316284, -5.369999885559082, -8.600000381469727,
      -8.309999465942383, -2.5999999046325684, -3.7099997997283936,
      -8.239999771118164, -1.5299999713897705, -4.159999847412109,
      -3.619999885559082, -2.569999933242798, -4.710000038146973, -0.5,
      -6.850000381469727, -9.529999732971191, -6.559999465942383, -0.5,
      -9.579999923706055, -6.659999847412109, -3.619999885559082,
      -4.699999809265137, -1.5499999523162842, -6.270000457763672,
      -3.629999876022339, -3.7099997997283936, -10.80000114440918,
      -5.720000267028809, -1.0099999904632568, -4.119999885559082,
      -2.569999933242798, -5.369999885559082, -3.619999885559082, -0.5,
      -4.699999809265137, -2.059999942779541, -7.909999847412109, -0.5,
      -6.930000305175781, -3.1499998569488525, -1.5299999713897705,
      -12.330000877380371, -1.0099999904632568, -9.440000534057617,
      -3.669999837875366, -1.0099999904632568
    ],
    "mean_reward": -4.748000121116638,
    "total_steps": 298800
  },
  "agent_3": {
    "rewards": [
      -211.4999542236328, -209.23995971679688, -285.1499328613281,
      -289.74993896484375, -252.80990600585938, -260.2999572753906,
      -356.8398742675781, -237.7699737548828, -205.02993774414062,
      -181.10997009277344, -145.83998107910156, -111.24998474121094,
      -71.89996337890625, -83.17999267578125, -101.87000274658203,
      -97.17999267578125, -128.44998168945312, -54.81999588012695,
      -51.309993743896484, -86.3899917602539, -85.9000015258789,
      -52.30999755859375, -169.8999786376953, -176.6099395751953,
      -169.5299530029297, -86.32998657226562, -100.03998565673828,
      -51.309993743896484, -51.309993743896484, -50.029998779296875,
      -50.029998779296875, -50.029998779296875, -50.029998779296875,
      -50.029998779296875, -52.589988708496094, -50.029998779296875,
      -50.029998779296875, -52.589988708496094, -50.029998779296875,
      -52.589988708496094, -50.029998779296875, -52.589988708496094,
      -50.029998779296875, -50.029998779296875, -52.589988708496094,
      -50.029998779296875, -50.029998779296875, -52.589988708496094,
      -52.589988708496094, -50.029998779296875, -50.029998779296875,
      -50.029998779296875, -52.589988708496094, -50.029998779296875,
      -50.029998779296875, -50.029998779296875, -52.589988708496094,
      -50.029998779296875, -50.029998779296875, -50.029998779296875,
      -52.589988708496094, -50.029998779296875, -50.029998779296875,
      -50.029998779296875, -52.589988708496094, -50.029998779296875,
      -52.589988708496094, -50.029998779296875, -50.029998779296875,
      -50.029998779296875, -50.029998779296875, -50.029998779296875,
      -52.589988708496094, -50.029998779296875, -50.029998779296875,
      -52.589988708496094, -50.029998779296875, -50.029998779296875,
      -50.029998779296875, -50.029998779296875, -50.029998779296875,
      -50.029998779296875, -50.029998779296875
    ],
    "mean_reward": -50.285997772216795,
    "total_steps": 298800
  }
}
